Title,Company,Location,Reward
Flutter 모바일 앱 개발자,니더(급구),합격보상금 100만원,https://www.wanted.co.kr/wd/209802
Flutter 앱 개발자 (3년 이상),모빌리버스,합격보상금 100만원,https://www.wanted.co.kr/wd/207790
플러터(Flutter) 개발자,피에트(FIET),합격보상금 100만원,https://www.wanted.co.kr/wd/209183
Flutter 앱 & Node.js 개발자,인졀미,합격보상금 100만원,https://www.wanted.co.kr/wd/210107
크로스플랫폼(flutter)/ 시니어 프론트엔드 엔지니어,하이스트레인저,합격보상금 100만원,https://www.wanted.co.kr/wd/202720
Flutter 앱 개발자 (3년 이상),에픽코퍼레이션,합격보상금 100만원,https://www.wanted.co.kr/wd/162035
Flutter 앱 & Node.js 개발자(신입 지원가능),인졀미,합격보상금 100만원,https://www.wanted.co.kr/wd/210056
[5년 이상] Mobile (Flutter) 개발자,큐픽스,합격보상금 100만원,https://www.wanted.co.kr/wd/207359
Flutter 모바일 앱 개발자,니더(급구),합격보상금 100만원,https://www.wanted.co.kr/wd/209802
Flutter 앱 개발자 (3년 이상),모빌리버스,합격보상금 100만원,https://www.wanted.co.kr/wd/207790
플러터(Flutter) 개발자,피에트(FIET),합격보상금 100만원,https://www.wanted.co.kr/wd/209183
Flutter 앱 & Node.js 개발자,인졀미,합격보상금 100만원,https://www.wanted.co.kr/wd/210107
크로스플랫폼(flutter)/ 시니어 프론트엔드 엔지니어,하이스트레인저,합격보상금 100만원,https://www.wanted.co.kr/wd/202720
Flutter 앱 개발자 (3년 이상),에픽코퍼레이션,합격보상금 100만원,https://www.wanted.co.kr/wd/162035
Flutter 앱 & Node.js 개발자(신입 지원가능),인졀미,합격보상금 100만원,https://www.wanted.co.kr/wd/210056
[5년 이상] Mobile (Flutter) 개발자,큐픽스,합격보상금 100만원,https://www.wanted.co.kr/wd/207359
Flutter 앱 개발자,더클라우드팩토리,합격보상금 100만원,https://www.wanted.co.kr/wd/198773
프론트엔드(Flutter) 개발자,와이엠스타,합격보상금 100만원,https://www.wanted.co.kr/wd/192579
플러터 개발자 (2년 이상),더블유클럽,합격보상금 100만원,https://www.wanted.co.kr/wd/73811
Flutter 개발자 (병역특례_현역/보충역),넛지헬스케어(캐시워크),합격보상금 100만원,https://www.wanted.co.kr/wd/168259
"Flutter, iOS 앱 개발자",에임(AIM),합격보상금 100만원,https://www.wanted.co.kr/wd/38892
Flutter 앱 개발자,심버스,합격보상금 100만원,https://www.wanted.co.kr/wd/187060
서빙로봇 Flutter 앱 개발자 (포항),폴라리스쓰리디(Polaris3D),합격보상금 100만원,https://www.wanted.co.kr/wd/195439
플러터(Flutter)개발자,피닉스다트,합격보상금 100만원,https://www.wanted.co.kr/wd/185303
Flutter 앱 개발자,섬재,합격보상금 100만원,https://www.wanted.co.kr/wd/210376
APP Developer (Flutter),이브로드캐스팅,합격보상금 100만원,https://www.wanted.co.kr/wd/210359
Flutter 개발자,야미펀,합격보상금 100만원,https://www.wanted.co.kr/wd/210289
Flutter 앱 개발자,비사이드코리아,합격보상금 100만원,https://www.wanted.co.kr/wd/120367
"Frontend Developer (React, Flutter)",디렉셔널,합격보상금 100만원,https://www.wanted.co.kr/wd/204226
플러터 앱 개발자,엑스플라이어,합격보상금 100만원,https://www.wanted.co.kr/wd/166936
클라이언트팀 Flutter 개발자,로완,합격보상금 100만원,https://www.wanted.co.kr/wd/209205
플러터 모바일앱 개발자,한국미용데이터,합격보상금 100만원,https://www.wanted.co.kr/wd/197630
커머스플랫폼 앱 개발자(Flutter),이랜드이노플,합격보상금 100만원,https://www.wanted.co.kr/wd/206907
모바일 앱 개발자 (Flutter),에스케이디앤디(SK D&D),합격보상금 100만원,https://www.wanted.co.kr/wd/143640
"Android, Flutter 앱개발자",에버엑스,합격보상금 100만원,https://www.wanted.co.kr/wd/44773
Flutter 앱 개발자,선후,합격보상금 100만원,https://www.wanted.co.kr/wd/202253
[100억↑투자] 모바일 App 개발자(Flutter),비엘큐(테스트밸리),합격보상금 100만원,https://www.wanted.co.kr/wd/181248
"[100억↑투자] App 개발(Flutter, Android, iOS)",비엘큐(테스트밸리),합격보상금 100만원,https://www.wanted.co.kr/wd/87917
Flutter 플러터 앱 엔지니어,밀크코퍼레이션,합격보상금 100만원,https://www.wanted.co.kr/wd/161675
"KMPlayer Mobile(Android, iOS) Flutter 개발",판도라티비,합격보상금 100만원,https://www.wanted.co.kr/wd/202989
플러터 개발자 (3년 이상),다이노즈,합격보상금 100만원,https://www.wanted.co.kr/wd/203296
Flutter 유지 보수/최적화 및 프론트엔드 개발,야미펀,합격보상금 100만원,https://www.wanted.co.kr/wd/208007
Flutter 모바일 앱 개발자,우리의지금,합격보상금 100만원,https://www.wanted.co.kr/wd/139730
플러터 개발자,비밀리,합격보상금 100만원,https://www.wanted.co.kr/wd/170344
Flutter 개발자,와트,합격보상금 100만원,https://www.wanted.co.kr/wd/206135
Flutter 신입 개발자,디하이소프트,합격보상금 100만원,https://www.wanted.co.kr/wd/206152
[삼쩜삼] Mobile Engineer(Flutter),자비스앤빌런즈(삼쩜삼),합격보상금 100만원,https://www.wanted.co.kr/wd/202813
[100억↑투자] 프론트엔드 개발자 (React-native / flutter),아파트멘터리,합격보상금 100만원,https://www.wanted.co.kr/wd/165183
아파트사업본부 APP(아보카도)개발 - Senior (flutter),더즌(dozn),합격보상금 100만원,https://www.wanted.co.kr/wd/207049
Flutter 개발자,닥커넥트,합격보상금 100만원,https://www.wanted.co.kr/wd/206740
Flutter 개발자,코보시스,합격보상금 100만원,https://www.wanted.co.kr/wd/99737
모바일 앱 소프트웨어 개발 (Flutter / iOS / Android),블록체인랩스,합격보상금 100만원,https://www.wanted.co.kr/wd/138923
Flutter 모바일 개발자,헥슬란트,합격보상금 100만원,https://www.wanted.co.kr/wd/191902
플러터 앱 개발자,포스트랩,합격보상금 100만원,https://www.wanted.co.kr/wd/175296
Flutter 앱 개발자,플랙스뉴럴랩스,합격보상금 100만원,https://www.wanted.co.kr/wd/151186
